	Language	Source	Date	Text
81203	Ukranian	unian.net	2011/06/06	Сьогодні воротар ФК «Оболонь» (Київ) Олександр РИБКА уклав контракт з ФК «Шахтар» (Донецьк).
106614	Ukranian	unian.net	2011/04/22	"Діалог з Українською православною церквою Київського патріархату має проходити виключно на основі Євангелія, традицій і канонів Православної церкви. Про це в інтерв'ю газеті ""Известия"" заявив Предстоятель Української православної церкви МП митрополит Київський і всієї України Володимир."
10955	Ukranian	unian.net	2011/07/14	Київрада не підтримала проект рішення, підготовлений представниками фракції Партії регіонів, про виділення священикам Свято-Іллінської парафії Української православної церкви Московського патріархату приміщень на кладовищах для проведення консультацій при організації поховальних обрядів.
238980	Ukranian	unian.net	2011/05/28	Як передає кореспондент УНІАН, до Київського районного суду Донецька на засідання прибув сам С.СМОЛАНОВ, який продовжує працювати на своїй посаді й перебуває на підписці про невиїзд, а також ще п`ятеро підсудних - колишніх і нинішніх посадовців ДВГРС – Анатолій ЗАПОЛЬСЬКИЙ, Олександр АНОХІН, Ігор СМОЛАНОВ, Ігор ЄФИМЕНКО і Анатолій ПИЛИПЕНКО. На засідання також прибули адвокати всіх підсудних, державний обвинувач і ряд осіб, визнаними потерпілими у даній справі.
29287	Ukranian	unian.net	2011/06/22	Як передає кореспондент УНІАН, біля Михайлівського золотоверхого монастиря молилися й виступали представники різних конфесій, зокрема Української православної церкви Київського патріархату, Української православної церкви Московського патріархату, Української греко-католицької церкви та Української автокефальної православної церкви; Римо-Католицької церкви, Всеукраїнського конгресу юдейських громад, Духовного управління мусульман України, Вірменської апостольської церкви, Всеукраїнського союзу християн віри євангельської та Української християнської євангельської церкви.
139074	Ukranian	unian.net	2011/04/29	На березі Київського водосховища у селі Косачівка Козелецького району Чернігівської області горять 70 га очерету, існує загроза розповсюдження вогню на лісовий масив.
178378	Ukranian	unian.net	2011/04/27	Семінар відбудеться сьогодні, 27 квітня. Початок о 19.00. Тривалість семінару три години. Адреса – м. Київ, вул. Хрещатик, 4.
201857	Ukranian	unian.net	2011/07/07	За словами голови Київської облдержадміністрації Анатолія ПРИСЯЖНЮКА, під чиїм патронатом було організовано святкування, саме такі заходи сприяють збереженню і популяризації українських національних традицій, з таких моментів складається і туристична привабливість регіону.
50525	Ukranian	unian.net	2011/04/05	Виставка триватиме з 12 по 15 травня 2011 року в виставковому центрі «КиївЕкспоПлаза» (м. Київ, вул. Салютна, 2б).
220741	Ukranian	unian.net	2011/02/05	Як повідомила власному кореспонденту УНІАН в РФ викладач української мови в МДЛУ Людмила ГМИРЯ, викладання української мови в університеті забезпечують педагогічні кадри з Національного педагогічного університету ім. М.П.Драгоманова (м.Київ), які працюють за обміном. За її словами, Угода про співробітництво між навчальними закладами діє з 2004 року.
227763	Ukranian	unian.net	2011/07/20	Поряд з цим керівництво зазначеної установи інформує, що в рамках виконання рекомендацій фахівців Київської міської клінічної лікарні швидкої медичної допомоги на 20 липня заплановано проведення додаткового клініко-лабораторного обстеження Ю.ЛУЦЕНКА з метою уточнення стану його здоров’я.
23725	Ukranian	unian.net	2011/05/18	О.ДОНІЙ розповів, що фестиваль «Київська Барикада» імені Юрка Покальчука проходитиме у Києві 17-21 травня. За його словами, головною його метою є популяризація сучасної української літератури.
279500	Ukranian	unian.net	2011/04/06	Довідка УНІАН. У червні 2004 року на засіданні Київради після ухвалення рішення про відкриття на Лук`янівській площі у Києві театрально-видовищного закладу “Київська мала опера”, повідомлялося, що будівля, в якій планується відкрити культурний заклад, ще на початку XX століття використовувалась як видовищний соціальний об`єкт, де ставилися опери.
61051	Ukranian	unian.net	2011/06/04	"Водночас прокуратурою Київського району Харкова проведено перевірку щодо законності дій службових осіб ПП ""ЛА ВІТА ФЕЛІЧЕ"" та Харківського центру репродукції людини ТОВ ""Сана-Мед"" під час здійснення штучного запліднення громадянки Б."
199777	Ukranian	unian.net	2011/03/31	Як повідомили УНІАН у прес-службі міськради, про це він заявив після заслуховування звіту голови КМДА Олександра ПОПОВА у Київраді.
279259	Ukranian	unian.net	2011/04/26	За його словами, Київ почав «танцювати під дудку» Брюсселя у відносинах з Білоруссю.
35170	Ukranian	unian.net	2011/05/04	На думку члена спеціальної контрольної комісії Верховної Ради з питань приватизації Андрія ШКІЛЯ, спроба «МАУ» оспорити правомірність надання «АероСвіту» прав на маршрут «Київ-Лондон» спрямована на штучне обмеження конкуренції.
52915	Ukranian	unian.net	2011/07/25	«Хочу зауважити, що це («Формула-1» на воді – УНІАН) соціальний проект. Квитки на чемпіонат світу продаватись не будуть. Спочатку ми думали якусь кількість продати, але враховуючи те, що був великий ажіотаж, ми вирішили ці білети розповсюдити серед міст і районів Київської області і Києва», - сказав А.ПРИСЯЖНЮК.
292419	Ukranian	unian.net	2011/04/20	Депутат Київради, член фракції «БЮТ-Батьківщина» Олександр БРИГИНЕЦЬ заявляє, що його колеги по фракції сьогодні не братимуть участь у голосуванні за кандидатуру нового секретаря міськради.
134035	Ukranian	unian.net	2011/04/20	«У грі за посаду нового секретаря Київради поки є лише одна константа – фракція «БЮТ-Батьківщина» не голосує й не бере бюлетені», - сказав О.БРИГИНЕЦЬ.
70675	Ukranian	unian.net	2011/08/07	Кредитна угода визначає загальні умови надання кредиту: 15 років із пільговим періодом 4 роки, суму позики – 450 млн. євро) та відповідальність сторін, а також містить посилання на інші документи, які є обов’язковими до виконання під час реалізації Проекту та на співфінансування з ЄІБ. Зокрема, обов’язковими умовами для підписання Кредитної угоди є укладення Субкредитної угоди (між Державною службою автомобільних доріг України та Міністерством фінансів України, яка підписана 20 січня 2011 року) та Проектної угоди (між Державною службою автомобільних доріг України та Європейським банком реконструкції та розвитку). Угоди (кредитну та проектну) було підписано 26 листопада 2010 р. у м. Київ.
18992	Ukranian	unian.net	2011/05/04	Як повідомили УНІАН у прес-службі Київської міськдержадміністрації з посиланням на Головне управління з питань підготовки та проведення в Україні фінальної частини Чемпіонату Європи 2012 року з футболу, відповідно до вимог УЄФА у Києві буде організована одна офіційна фан-зона Євро-2012.
98201	Ukranian	unian.net	2011/04/15	В Київській міській державній адміністрації сумніваються, що ДК “Газ України” відключить від газу підприємства теплокомуненерго через борги.
37321	Ukranian	unian.net	2011/07/23	"О.ОМЕЛЬЧЕНКО відзначив, що Вагіф АЛІЄВ (співвласник торгових і бізнес-центрів ""Мандарин Плаза"", ""Парус"", ""Арена-ситі"" - УНІАН) викупив об'єкт вже потім. «Спочатку був мій заступник Іван ХОМЕНКО і на той момент голова бюджетної комісії Київради Володимир ПРИСЯЖНЮК, — повідомив екс-мер. - Я глибоко поважаю Івана Андрійовича, який вже пішов від нас. І дуже довіряв йому свого часу. Він мене переконав, що проект потрібний, і сесія ухвалила рішення відвести це м місце на розі під будівництво… музею мерії висотою в три поверхи. Щоб не вище будівлі (театру) російської драми. Проте всієї правди мені на той момент не сказав — Бог свідок — на другому-третьому поверхах були заплановані офіси. Ну, а потім, вже за ЧЕРНОВЕЦЬКОГО, спаскудили весь проект, перепродали АЛІЄВУ, музей викинули і поставили цю дику коробку. І це більший гріх, ніж будинок на Грушевського. Коли ПОПОВ з ЦЕЛОВАЛЬНИКОМ (головний архітектор Києва Сергій ЦЕЛОВАЛЬНИК - УНІАН) заявили, що будівлю знесуть, я одразу їм передзвонив і визнав свою помилку. Це була їх сильна заява», - сказав О.ОМЕЛЬЧЕНКО."
201470	Ukranian	unian.net	2011/04/19	У повідомленні зазначається, що вже чотири сховища газу: Солохівське й Червоно-Партизанське ПСГ УМГ «Київтрансгаз», Кечигівське ПСГ УМГ «Харківтрансгаз» і другий із чотирьох газозбірних пунктів Більче-Волицького ПСГ УМГ «Львівтрансгаз» перебувають у режимі закачування, а інші 10 вийшли в нейтральний період.
118032	Ukranian	unian.net	2011/02/06	Лідер громадянського об`єднання «Новий Київ», голова Соціально-Християнської партії Зорян ШКІРЯК вважає, що завдяки новому закону про парламентські вибори Президент України Віктор ЯНУКОВИЧ і Партія регіонів хочуть остаточно узурпувати владу.
44478	Ukranian	unian.net	2011/06/05	До речі, одразу після призначення на посаду наприкінці жовтня 2010 року Толстоухов запевняв журналістів, що землі Київського зоопарку не передаватимуть інвесторам під забудову
140989	Ukranian	unian.net	2011/06/17	Засновник і провідний експерт Центру психології сім`ї «Лелека», засновник Просвітницького Фестивалю сімейних цінностей «СІМ`Я», голова правління Інституту інтеграційної психології (м. Київ), головний редактор психологічного журналу-помічника «Почни з себе», Майстер Холодинаміки, Майстер і Вчитель REIKI, автор запатентованої системи психологічного відновлення «Світлоносне дихання», автор програми духовної трансформації свідомості «Почни з себе!», переможець психологічного конкурсу в номінації «Психолог-експерт 2009 р.», переможець рейтингу «Жінка III тисячоліття» (2010 р.), автор книг «І Створив Жінку...», «Посмішка Душі».
293921	Ukranian	unian.net	2011/04/19	Як передає кореспондент УНІАН, про це глава держави сказав, закриваючи Київський саміт з питань безпечного та інноваційного використання ядерної енергії.
43552	Ukranian	unian.net	2011/04/04	Під час виступу О.ПОПОВ висловив припущення, що незаконні дозволи на землевпорядну документацію при відведенні земель у столиці надавали заступник Київського міського голови – секретар Київради Олесь ДОВГИЙ або сам мер Леонід ЧЕРНОВЕЦЬКИЙ.
33938	Ukranian	unian.net	2011/05/18	Також міністри закордонних справ досягли згоди щодо необхідності деполітизації питань захисту національних меншин в обох державах та важливості відновлення роботи механізмів моніторингу дотримання прав етнічних українців в Румунії та румунів в Україні. При цьому К.ГРИЩЕНКО зауважив, що офіційний Київ розраховує на те, що румунська сторона зверне увагу на недостатню кількість середніх навчальних закладів з українською мовою викладання та сприятиме відкриттю нових українських шкіл в місцях компактного проживання українців.
128333	Ukranian	unian.net	2011/06/24	"Як відзначив С.УЇЛЬЯМС, в ЮНЕСКО також розглядають можливість внесення Національного заповідника ""Софія Київська"" в так званий чорний список об`єктів, що перебувають під загрозою руйнування. «Причиною цього є зведення елітних житлових будинків на вулиці Гончара і Пейзажній алеї. Ці вулиці розташовані в прилеглих до заповідника буферних зонах, тому будівництво там заборонене. Супротивники зведення житлового будинку на Пейзажній алеї добилися зупинки будівництва, проте представники компанії-забудовника заявляють, що не мають наміру відмовлятися від своїх планів», - зазначало 4 серпня 2010 року видання ""Коммерсантъ-Украина""."
153835	Ukranian	unian.net	2011/04/06	На засіданні робочої групи О.БРИГИНЕЦЬ запропонував назвати Київську малу оперу іменем Євгенії Мірошниченко - видатної оперної співачки, яка ініціювала створення цього проекту. Пропозиція була підтримана робочою групою, представниками Малої Опери та сином відомої співачки Олегом.
220316	Ukranian	unian.net	2011/06/07	«Компанія у нас велика - всі губернатори, голови обласних рад. Я думаю, до обіду встигнемо привітати нашого Президента. (Подарунок даруватимемо) у складчину, у нас староста навіть є - ПРИСЯЖНЮК Анатолій (голова Київської облдержадміністрації), ось до нього всі запитання», - сказав В.ДЖАРТИ.
220238	Ukranian	unian.net	2011/07/07	Губернатор Київської області Анатолій ПРИСЯЖНЮК заявляє, що керівники областей подарують на день народження Президенту України Віктору ЯНУКОВИЧУ, якому 9 липня виповнюється 61 рік, хороші результати своєї роботи, великий каравай із хліба нового врожаю та букет польових квітів.
228077	Ukranian	unian.net	2011/06/14	За словами голови Комісії, заступника голови КМДА Руслана КРАМАРЕНКА, це має бути комплекс для утримання дельфінів та інших рідкісних морських тварин, який дозволить суттєво збільшити відвідування Київського зоопарку киянами та гостями міста.
16452	Ukranian	unian.net	2011/04/28	Як передає кореспондент УНІАН, відповідні заяви депутатів зачитала сьогодні на засіданні сесії секретар Київради Галина ГЕРЕГА.
81010	Ukranian	unian.net	2011/04/20	Зі свого боку Г.ГЕРЕГА висловила сподівання, що співпраця Київради з КМДА буде конструктивною і спрямованою на досягнення єдиної спільної мети – покращення життя киян і перетворення міста в одну з найкращих столиць Європи.
288952	Ukranian	unian.net	2011/06/05	Як повідомили УНІАН у прес-службі Київської міськдержадміністрації, участь в автопробігу візьмуть представники України, Російської Федерації та Республіки Білорусь.
76067	Ukranian	unian.net	2011/04/15	За даними КМДА, сума боргу з різниці у тарифі перед “Київенерго” становить більш як 1,3 млрд. грн., перед “Київводоканалом” – близько 570 млн. грн.
222285	Ukranian	unian.net	2011/05/17	С.ВЛАСЕНКО звернувся до Генпрокуратури з проханням змінити Ю.ЛУЦЕНКУ міру запобіжного заходу, адже вчора ГПУ змінила міру запобіжного заходу голові фракції Блоку Черновецького у Київраді Дмитру КОМАРНИЦЬКОМУ, якого звинувачують у розбійному нападі.
119103	Ukranian	unian.net	2011/03/28	Нагадаємо, Київський господарський апеляційний суд у грудні 2010 року задовольнив апеляцію управляючої компанії «Брянський машзавод», скасувавши рішення Господарського суду Києва, що визнав недійсним договір купівлі-продажу 76,001% акцій холдингової компанії «Луганськтепловоз».
212438	Ukranian	unian.net	2011/03/28	Про це УНІАН повідомили у прес-службі Волинської єпархії Української православної церкви Київського патріархату.
154990	Ukranian	unian.net	2011/04/05	Як повідомляв УНІАН, Ю.ЛУЦЕНКО 28 квітня письмово поінформував керівництво Київського СІЗО про відмову приймати їжу, але з проханням дозволити пити чай і каву з цукром.
33983	Ukranian	unian.net	2011/04/14	“Не дивлячись на те, що ставиться питання про заміну секретаря Київради ДОВГОГО, за заміну якого депутати «БЮТ-Батьківщини», безумовно, будуть голосувати, на сьогодні його заміна означатиме призначення на посаду «клона» ПОПОВА, тобто людини, яка беззаперечно виконуватиме волю провладної сили”, впевнені у фракції.
126414	Ukranian	unian.net	2011/05/04	Так, у коментарі УНІАН юрист компанії «Ілляшев та партнери» Роман МАРЧЕНКО заявив: «У спорі про маршрут «Київ-Лондон-Київ» однозначно правий «АероСвіт». У Фонду державного майна України не було таких повноважень давати в статуті «МАУ» ексклюзивне право на польоти. Це було перевищення повноважень із боку ФДМУ. Що в принципі може закінчитися кримінальною справою. Цей пункт у статуті «МАУ» просто неправомочний і нікчемний. Це все одно, що я напишу в статуті свого ТОВ, що я власник Маріїнського палацу».
296630	Ukranian	unian.net	2011/04/29	У Київській області у суботу вночі без опадів, вдень місцями невеликий короткочасний дощ, гроза. Вітер північно-східний, 5-10 м/с. Температура вночі 7-12°, вдень 18-23°. У Києві температура вночі близько 10°, вдень 20-22°.
24574	Ukranian	unian.net	2011/04/07	"Як повідомляв УНІАН, 29 грудня 2010 року у Києві була зареєстрована благодійна організація ""Муніципальна лікарняна каса"". Цього ж дня у банку ""Київська Русь"" було відкрито розрахунковий рахунок 2600694706001, на який усі, хто бажає стати членом лікарняної каси, можуть вносити членські внески."
116968	Ukranian	unian.net	2011/05/20	«Сьогодні був з`їзд і заступника голови Київської міської організації на нього не пустили, мотивувавши, що його не було в списках. Те саме відбулося і з деякими іншими делегатами», - сказав він.
60619	Ukranian	unian.net	2011/04/29	Він також зазначив, що посилювати ІТ-освіту насамперед потрібно в так званих «кластерах», тобто у вузах тих міст, де ІТ-спеціальності вже викладаються на високому рівні. Це - Київ, Харків, Львів, Донецьк і Луганськ.
133937	Ukranian	unian.net	2011/07/23	«Мене, щоправда, у цьому контексті ніхто не згадує — будівництво розпочалося після мене. Але дозвіл-то Київрада дала при мені. Я про це ще не говорив. Але зобов'язаний сказати правду, щоб остаточно поставити хрест на цьому ганебному об'єкті», — сказав він.
173051	Ukranian	unian.net	2011/07/26	Влітку 2010 р. Київський райсуд ухвалив рішення узяти під варту С.КАЗАЧЕНКА і В.ВОЛКОВА.
1953	Ukranian	unian.net	2011/07/25	Він зазначив, що будівництво дороги та реконструкція дамби проводились у рамках підготовки області до проведення Гран-прі України чемпіонату світу з перегонів на моторних човнах у класі «Формула-1», що відбудеться 29-30 липня 2011 року у місті Вишгород на Київському водосховищі.
217223	Ukranian	unian.net	2011/08/07	По Київській області мінлива хмарність. Вночі без опадів, вдень короткочасний дощ, місцями гроза. Вітер західний, 5-10 м/с. Температура вночі - 13-18°, вдень - 24-29°.
82997	Ukranian	unian.net	2011/03/31	За його словами, з цим рішенням складна ситуація щодо його виконання, оскільки воно вступає в суперечність із чинним законодавством і викликає протести підприємців. О.ПОПОВ звернув увагу, що вже пройшли акції протесту торгуючих у МАФах, а також є звернення громадських організацій національного рівня щодо того, що це рішення Київради потрібно корегувати. За словами керівника КМДА, ця корекція може стосуватися як термінів набуття чинності документа, так і підходів до реалізації згаданої продукції.
140869	Ukranian	unian.net	2011/05/19	Також у Київському зоопарку підкреслюють, що його закриття входить у протиріччя з чинним законодавством України. Крім того, за словами авторів заяви, голова Київської міської державної адміністрації Олександр ПОПОВ категорично заперечує можливість закриття, перенесення та забудови Київського зоопарку.
61841	Ukranian	unian.net	2011/04/06	Київський окружний адміністративний суд розпочав розгляд справи за позовом Новопетрівської сільської ради Вишгородського району Київської області щодо заборони проведення акції руху «Стоп цензурі!» біля резиденції Президента України Віктора ЯНУКОВИЧА «Межигір’я».
299764	Ukranian	unian.net	2011/05/25	Водночас джерела у Київради підтверджують, що В.СУПРУНЕНКО був затриманий в Італії.
106165	Ukranian	unian.net	2011/04/19	«Тому що сьогоднішня Київрада дискредитувала себе вже багато раз, і мера, який має відстоювати інтереси киян, ми також не бачимо», - сказав В.КЛИЧКО.
96396	Ukranian	unian.net	2011/07/23	"У 2007 році будівництво в районі станції метро ""Театральна"" було визнане небезпечним для метро. Після цього Київрада скасувала своє попереднє рішення про землевідведення, але забудовник з цим не погодився, і оскаржив його в суді."
173546	Ukranian	unian.net	2011/04/04	«Для мене залишається загадкою, чому Олександр Павлович незадоволений роботою депутатського корпусу. Адже всі ці дев’ять місяців адміністрація користувалась фактично безапеляційною підтримкою Київради», - відзначив секретар Київради.
182105	Ukranian	unian.net	2011/04/16	У Генеральної прокуратури України поки немає підстав для порушення кримінальних справ проти мера Києва Леоніда ЧЕРНОВЕЦЬКОГО та секретаря Київради Олеся ДОВГОГО.
156302	Ukranian	unian.net	2011/07/17	При Київській міській державній адміністрації створено державну надзвичайну протиепідемічну комісію.
128103	Ukranian	unian.net	2011/08/04	Як повідомили УНІАН у прес-службі Київської міської державної адміністрації, під час акції кияни та гості столиці зможуть проконсультуватись щодо стану свого здоров’я з різними фахівцями: ендокринологом, офтальмологом, стоматологом, синологом, дієтологом, невропатологом та іншими лікарями. Мешканці також матимуть змогу отримати консультації стосовно можливостей оздоровлення, відмови від тютюнокуріння, схуднення, профілактики цукрового діабету, соціально небезпечних хвороб, вірусного гепатиту, захворювань горла. Протягом акції громадян ознайомлюватимуть з роботою сімейних лікарів, клінік, свої поради безкоштовно надаватимуть досвідчені психологи.
291015	Ukranian	unian.net	2011/04/07	Довідка УНІАН. «Всеукраїнський банк розвитку» (місто Київ) зареєстрований у квітні 2009 р.
238778	Ukranian	unian.net	2011/04/06	Про це повідомляє прес-служба О.БРИГИНЦЯ, який є й головою робочої групи Київради з вивчення ситуації, що склалась навколо комунального закладу «Театрально-видовищний заклад культури «Київська мала опера».
155707	Ukranian	unian.net	2011/05/27	У Києві та області без опадів. Вітер південний, 5-10 м/с. Температура на Київщині вночі 8-13°, вдень 23-28°. У столиці температура вночі 10-12°, вдень 25-27°.
274265	Ukranian	unian.net	2011/05/07	Як повідомили УНІАН у прес-службі голови комісії Київради з питань культури і туризму Олександра БРИГИНЦЯ, про це йдеться у листі-заяві спілки, надісланій депутату.
283780	Ukranian	unian.net	2011/04/26	Учасники прес-конференції: автор проекту «Парк Київська Русь» Володимир ЯНЧЕНКО, представник київського мотоклубу «Skulls MC» Олександр ЛЄТОВ, представник мотоклубу «Skulls MC», актор «Студії Квартал-95» Олександр ПІКАЛОВ, директор Ліги каскадерів України Назар МАЙБОРОДА.
88302	Ukranian	unian.net	2011/07/19	Про це заявила депутат Київради з фракції «УДАР Віталія Кличка» Марія ІОНОВА, яка на минулому засіданні ради звернулася до голови КМДА Олександра ПОПОВА з вимогою вирішити питання на користь лікарні, повідомили УНІАН у прес-службі фракції.
52953	Ukranian	unian.net	2011/01/07	Про це повідомив фахівець Київського центру мікрохірургії ока професор Юрій КОНДРАТЕНКО в інтерв`ю УНІАН.
264946	Ukranian	unian.net	2011/04/20	Як передає кореспондент УНІАН, про це він сказав сьогодні під час сесії Київради.
231923	Ukranian	unian.net	2011/06/17	Сьогодні, у день святкування 100-річчя з дня народження письменника і києвознавця В.Некрасова та 70-річчя з дня народження видатного українського актора І.Миколайчука комісія КМДА з питань перейменувань та пам’ятних знаків прийняла рішення про увічнення пам’яті цих відомих киян, повідомили УНІАН у прес-службі цієї комісії, голови комісії Київради з питань культури та туризму Олександра БРИГИНЦЯ.
145716	Ukranian	unian.net	2011/07/05	До Харкова для участі в урочистостях з нагоди 90-річчя з дня народження митрополита Харківського і Богодухівського НИКОДИМА прибув Митрополит Київський і всієї України, Предстоятель Української Православної Церкви Московського патріархату (УПЦ МП) ВОЛОДИМИР.
145881	Ukranian	unian.net	2011/04/26	Час проведення семінару – 26 квітня, вівторок, 19.00-21.00. Адреса – м. Київ, вул. Хрещатик, 4.
291616	Ukranian	unian.net	2011/04/26	У повідомленні зазначається, що серед нагороджених був народний депутат Іван ПЛЮЩ, який у 1986 році працював головою виконкому Київської обласної ради. І.ПЛЮЩ пригадав події тих днів, і висловив жаль, що тема Чорнобиля в Україні почала відкрито обговорюватися лише з 1990 року, коли у грудні цього року парламент заслухав інформацію про екологічну ситуацію після аварії на АЕС.
70561	Ukranian	unian.net	2011/04/04	"Так, рішенням Київської міської ради від 1 жовтня 2007 року всупереч вимогам Земельного кодексу, Закону ""Про природно-заповідний фонд України"" та Житлового кодексу передано безоплатно у приватну власність зазначеному кооперативу землі природно-заповідного фонду для будівництва житла. При цьому засновниками цього кооперативу були лише 4 фізичні особи, що не потребували поліпшення житлових умов. У подальшому вказаний кооператив передав земельні ділянки, які були надані йому у приватну власність, до статутного фонду інших товариств."
71927	Ukranian	unian.net	2011/04/15	Cьогодні, 15 квітня, співробітники СБУ провели обшуки в приміщеннях Головного управління екології та охорони природних ресурсів Київської міської державної адміністрації.
268391	Ukranian	unian.net	2011/04/18	Завтра, 19 квітня, у зв`язку з прибуттям до Києва офіційних делегацій для участі у Київському саміті з безпечного та інноваційного використання атомної енергії ДАІ планує часткове обмеження в пересуванні транспорту та пішоходів.
121126	Ukranian	unian.net	2011/05/13	"Національний технічний університет України ""Київський політехнічний інститут"" очолює рейтинг українських вищих навчальних закладів ""Компас""."
63388	Ukranian	unian.net	2011/08/07	– Суддя Кірєєв, якщо його можна так називати, – каже Тимошенко, – за час попередньої роботи за два роки в районному суді Київської області з 32 рішень у кримінальних справах 20 прийняв з повним порушенням закону. Він покривав і випускав на волю представників наркомафії, убивць, людей, що здійснювали розбій та інші злочини. 20 вироків, які він виніс, – це справи, у яких повністю були доведені злочини, а він закрив кримінальні справи і випустив (злочинців) на свободу».
1098	Ukranian	unian.net	2011/04/29	Мушу сказати, що ювілей у Молдові – надто тяжка для здоров’я річ. І сідав я на московський поїзд, який іде через Київ, в не найліпшому стані глибокого «відходняку». Але навіть крізь сутінковий стан свідомості пробивалися дуже цікаві враження.
215805	Ukranian	unian.net	2011/08/07	Наразі це є один із пріоритетних інвестиційних проектів, який передбачається реалізувати у 2 етапи – за рахунок коштів двох траншів позики від ЄБРР. Зокрема, автомобільні дороги М-06 Київ – Чоп, М-07 Київ – Ковель – Ягодин входять до переліку об’єктів, що готуються до проведення в Україні Євро–2012. Тому ремонт цих двох доріг відноситься до робіт, що фінансуватимуться за рахунок першого траншу позики ЄБРР.
171864	Ukranian	unian.net	2011/07/05	"Молодіжна громадська організація ""Київський клуб ""Красная звезда"" подала до КМДА заявку, в якій просить включити організовану нею військово-історичну реконструкцію подій 1945 р. до загального плану проведення заходів з відзначення Дня Перемоги. Організація має намір 8 травня на мототрековому стадіоні ""Пирогів"" провести масштабне батально-історичне дійство ""Зустріч на Ельбі"", в якому візьмуть участь декілька сотень учасників військово-історичних клубів України. Крім того, 9 травня організація хоче о 9.00 розпочати святкову ходу учасників реконструкції військових подій вулицею Хрещатик із залученням військово-історичної техніки."
278756	Ukranian	unian.net	2011/01/04	– Покарати потрібно не стрілочників, а саме тих, хто організовував цю грандіозну аферу. У цьому залі люди стали мільярдерами. Причетні до цього керівники Київради і КМДА, вони не мають морального права обіймати ці посади і повинні бути притягнені до відповідальності, — заявив під аплодисменти Попов.
205294	Ukranian	unian.net	2011/04/25	Як повідомили УНІАН у прес-групі Управління СБУ у Житомирській області, днями Житомирський районний суд виніс вирок у кримінальній справі, порушеній СБУ стосовно трьох членів організованої злочинної групи, які протягом 2009-2010 років налагодили стійку схему придбання, зберігання, перевезення та збуту оптових партій метамфетаміну на території Київської, Житомирської, Волинської та Івано-Франківської областей.
174353	Ukranian	unian.net	2011/04/28	Зважаючи на те, що останнім часом збільшилась кількість випадків, коли через недбалість однієї людини страждають тисячі пасажирів громадського транспорту, КП «Київпастранс» звертається до власників автотранспорту з проханням ставитися з повагою до людей, які користуються міським пасажирським транспортом, дотримуватись правил дорожнього руху та бути уважними, особливо у місцях, де працює громадський електричний транспорт.
254799	Ukranian	unian.net	2011/07/23	Слідство у цій справі доручене прокуророві Київського району міста Сімферополя.
54606	Ukranian	unian.net	2011/07/06	"Як повідомляв УНІАН, вчора газета ""Сегодня"" (№ 122) написала, що Київська міська державна адміністрація рекомендує підприємствам скоректувати літній графік робочого дня. При цьому видання стверджувало, що інформація надана в прес-службі КМДА. Зокрема, КМДА нібито рекомендувала починати робочий день о 7.00 і йти на перерву об 11.00. Також йшлося, що київська влада вважає, що наступна частина робочого дня може початися о 17.00 і тривати до 21.00."
126156	Ukranian	unian.net	2011/02/06	Координаційна рада з питань захисту української мови при Київській міській організації товариства «Меморіал» ім. В.Стуса закликає голову столичної міської державної адміністрації Олександра ПОПОВА не закривати у місті україномовні класи у школах та групи в дитячих садках.
51619	Ukranian	unian.net	2011/04/14	За цей час у «Парку Київська Русь» відбудеться 5 історичних міжнародних фестивалів: «Київська Русь XIII ст.» (21-22 травня), «Лицарство XV ст.- штурм фортеці» (18-19) червня, «Билини стародавнього Києва – IX-XI ст.» (27-28 серпня), «Гості стародавнього Києва – XV ст.» (24-25 вересня), лучний турнір «Стріла стародавнього Києва» (8 жовтня). Заходи зберуть учасників з України, Росії, Білорусі, Польщі, Франції, скандинавських країн тощо.
234422	Ukranian	unian.net	2011/07/22	Про це свідчать результати всеукраїнського опитування громадської думки, проведеного протягом 10-20 червня Київським міжнародним інститутом соціології (КМІС).
110516	Ukranian	unian.net	2011/06/04	У Києві та Київській області хмарно з проясненнями, дощ (вночі невеликий). Температура вночі по області 2-7° тепла, вдень 10-15°, у Києві вночі 3-5° тепла, вдень 11-13°.
48099	Ukranian	unian.net	2011/02/04	У Києві та Київській області у неділю без опадів. Вітер східний, 7-12 м/с. Температура вночі по області 1-6° тепла, вдень 11-16°; у столиці вночі 3-5° тепла, вдень 13-15°.
18157	Ukranian	unian.net	2011/06/20	Інформагентство «Наш Продукт», м. Київ, вул. Старокиївська, 10-Г, бізнес-центр «Вектор», корпус А, поверх 1.
184180	Ukranian	unian.net	2011/07/14	Як повідомляв УНІАН, проект рішення, яким Свято-Іллінська парафія Української православної церкви Московського патріархату може отримати у місцях оформлення замовлень на ритуальні послуги, у тому числі на кладовищах Києва, в оренду приміщення для проведення консультацій щодо поховального ритуалу, винесений на сесію Київради.
183237	Ukranian	unian.net	2011/07/04	"Київське ""Динамо"" є фаворитом першого матчу 1/4 фіналу Ліги Європи-2010/2011 проти португальської ""Браги"" за версією авторитетної букмекерської контори ""William Hill""."
237255	Ukranian	unian.net	2011/06/30	Він повідомив, що вже є письмова відмова забудовника від будівництва, та пообіцяв, що найближчим часом це рішення буде внесено на сесію Київради.
293128	Ukranian	unian.net	2011/04/29	Натомість до складу комітету введено міністра надзвичайних ситуацій України Віктора БАЛОГУ, міністра охорони здоров`я України Іллю ЄМЦЯ, першого заступника міністра економічного розвитку і торгівлі України Вадима КОПИЛОВА, голову Київської міської державної адміністрації Олександра ПОПОВА, міністра освіти і науки, молоді та спорту України Дмитра ТАБАЧНИКА, віце-прем`єр-міністра України - міністра регіонального розвитку, будівництва та житлово-комунального господарства України Віктора ТИХОНОВА.
128839	Ukranian	unian.net	2011/06/06	Що стосується розміщення, то, за його словами, для цільових груп УЄФА необхідно 7300 номерів, тоді як на сьогодні є близько 6200. «Проте з урахуванням споруджуваних готелів, думаю, можна вийти навіть на профіцит. Ще одне серйозне питання: організація автобусних перевезень людей за маршрутом Київ-Бориспіль. Поки стабільного циркулювання автобусів немає. Але робота йде », - додав М.ЛУБКІВСЬКИЙ.
